Nom de zone;Nom usuel;Plancher;Plafond;Nb sommets;Contient un arc (limite circulaire densifiée);Liste de coordonnées (telle que publiée, source openAIP/AIP)
R139A;CHER SUD;800ft AGL;3000ft AMSL;204;Oui;"46°36'20.02""N , 2°28'18.01""E - 46°44'34.01""N , 2°41'47""E - 46°44'33.5""N , 2°41'40.94""E - 46°44'33.01""N , 2°41'34.86""E - 46°44'32.54""N , 2°41'28.79""E - 46°44'32.08""N , 2°41'22.71""E - 46°44'31.65""N , 2°41'16.63""E - 46°44'31.23""N , 2°41'10.55""E - 46°44'30.83""N , 2°41'4.47""E - 46°44'30.44""N , 2°40'58.38""E - 46°44'30.08""N , 2°40'52.29""E - 46°44'29.73""N , 2°40'46.2""E - 46°44'29.4""N , 2°40'40.11""E - 46°44'29.09""N , 2°40'34.01""E - 46°44'28.79""N , 2°40'27.92""E - 46°44'28.51""N , 2°40'21.82""E - 46°44'28.25""N , 2°40'15.72""E - 46°44'28""N , 2°40'9.62""E - 46°44'27.77""N , 2°40'3.52""E - 46°44'27.56""N , 2°39'57.42""E - 46°44'27.37""N , 2°39'51.31""E - 46°44'27.18""N , 2°39'45.21""E - 46°44'27.02""N , 2°39'39.1""E - 46°44'26.87""N , 2°39'32.99""E - 46°44'26.74""N , 2°39'26.89""E - 46°44'26.62""N , 2°39'20.78""E - 46°44'26.52""N , 2°39'14.67""E - 46°44'26.43""N , 2°39'8.56""E - 46°44'26.36""N , 2°39'2.46""E - 46°44'26.3""N , 2°38'56.35""E - 46°44'26.26""N , 2°38'50.24""E - 46°44'26.23""N , 2°38'44.13""E - 46°44'26.22""N , 2°38'38.03""E - 46°44'26.22""N , 2°38'31.92""E - 46°44'26.24""N , 2°38'25.81""E - 46°44'26.27""N , 2°38'19.7""E - 46°44'26.31""N , 2°38'13.6""E - 46°44'26.37""N , 2°38'7.49""E - 46°44'26.44""N , 2°38'1.38""E - 46°44'26.53""N , 2°37'55.28""E - 46°44'26.63""N , 2°37'49.17""E - 46°44'26.74""N , 2°37'43.07""E - 46°44'26.87""N , 2°37'36.97""E - 46°44'27.01""N , 2°37'30.86""E - 46°44'27.16""N , 2°37'24.76""E - 46°44'27.33""N , 2°37'18.66""E - 46°44'27.5""N , 2°37'12.56""E - 46°44'27.69""N , 2°37'6.46""E - 46°44'27.9""N , 2°37'0.36""E - 46°44'28.11""N , 2°36'54.27""E - 46°44'28.34""N , 2°36'48.17""E - 46°44'28.58""N , 2°36'42.08""E - 46°44'28.83""N , 2°36'35.98""E - 46°44'29.1""N , 2°36'29.89""E - 46°44'29.38""N , 2°36'23.8""E - 46°44'29.68""N , 2°36'17.71""E - 46°44'29.99""N , 2°36'11.62""E - 46°44'30.33""N , 2°36'5.54""E - 46°44'30.67""N , 2°35'59.45""E - 46°44'31.03""N , 2°35'53.37""E - 46°44'31.4""N , 2°35'47.29""E - 46°44'31.79""N , 2°35'41.21""E - 46°44'32.2""N , 2°35'35.13""E - 46°44'32.62""N , 2°35'29.06""E - 46°44'33.05""N , 2°35'22.98""E - 46°44'33.5""N , 2°35'16.92""E - 46°44'33.97""N , 2°35'10.85""E - 46°44'34.45""N , 2°35'4.78""E - 46°44'34.95""N , 2°34'58.72""E - 46°44'35.46""N , 2°34'52.66""E - 46°44'35.99""N , 2°34'46.6""E - 46°44'36.53""N , 2°34'40.55""E - 46°44'37.09""N , 2°34'34.5""E - 46°44'37.66""N , 2°34'28.45""E - 46°44'38.25""N , 2°34'22.41""E - 46°44'38.85""N , 2°34'16.36""E - 46°44'39.47""N , 2°34'10.33""E - 46°44'40.1""N , 2°34'4.29""E - 46°44'40.75""N , 2°33'58.26""E - 46°44'41.41""N , 2°33'52.23""E - 46°44'42.09""N , 2°33'46.21""E - 46°44'42.78""N , 2°33'40.18""E - 46°44'43.49""N , 2°33'34.17""E - 46°44'44.21""N , 2°33'28.15""E - 46°44'44.95""N , 2°33'22.14""E - 46°44'45.7""N , 2°33'16.14""E - 46°44'46.47""N , 2°33'10.13""E - 46°44'47.26""N , 2°33'4.14""E - 46°44'48.06""N , 2°32'58.14""E - 46°44'48.87""N , 2°32'52.16""E - 46°44'49.7""N , 2°32'46.17""E - 46°44'50.54""N , 2°32'40.19""E - 46°44'51.4""N , 2°32'34.21""E - 46°44'52.27""N , 2°32'28.24""E - 46°44'53.16""N , 2°32'22.28""E - 46°44'54.06""N , 2°32'16.31""E - 46°44'54.98""N , 2°32'10.36""E - 46°44'55.91""N , 2°32'4.41""E - 46°44'56.86""N , 2°31'58.46""E - 46°44'57.82""N , 2°31'52.51""E - 46°44'58.8""N , 2°31'46.58""E - 46°44'59.79""N , 2°31'40.65""E - 46°45'0.8""N , 2°31'34.72""E - 46°45'1.82""N , 2°31'28.8""E - 46°45'2.86""N , 2°31'22.88""E - 46°45'3.91""N , 2°31'16.97""E - 46°45'4.98""N , 2°31'11.07""E - 46°45'6.06""N , 2°31'5.17""E - 46°45'7.16""N , 2°30'59.27""E - 46°45'8.27""N , 2°30'53.39""E - 46°45'9.39""N , 2°30'47.51""E - 46°45'10.53""N , 2°30'41.63""E - 46°45'11.69""N , 2°30'35.76""E - 46°45'12.86""N , 2°30'29.9""E - 46°45'14.04""N , 2°30'24.04""E - 46°45'15.24""N , 2°30'18.19""E - 46°45'16.46""N , 2°30'12.35""E - 46°45'17.68""N , 2°30'6.51""E - 46°45'18.93""N , 2°30'0.68""E - 46°45'20.19""N , 2°29'54.86""E - 46°45'21.46""N , 2°29'49.04""E - 46°45'22.74""N , 2°29'43.23""E - 46°45'24.04""N , 2°29'37.42""E - 46°45'25.36""N , 2°29'31.62""E - 46°45'26.69""N , 2°29'25.84""E - 46°45'28.03""N , 2°29'20.05""E - 46°45'29.39""N , 2°29'14.28""E - 46°45'30.77""N , 2°29'8.51""E - 46°45'32.16""N , 2°29'2.75""E - 46°45'33.56""N , 2°28'56.99""E - 46°45'34.97""N , 2°28'51.25""E - 46°45'36.41""N , 2°28'45.51""E - 46°45'37.85""N , 2°28'39.78""E - 46°45'39.31""N , 2°28'34.05""E - 46°45'40.78""N , 2°28'28.34""E - 46°45'42.27""N , 2°28'22.63""E - 46°45'43.78""N , 2°28'16.93""E - 46°45'45.3""N , 2°28'11.24""E - 46°45'46.83""N , 2°28'5.55""E - 46°45'48.37""N , 2°27'59.88""E - 46°45'49.93""N , 2°27'54.21""E - 46°45'51.51""N , 2°27'48.55""E - 46°45'53.09""N , 2°27'42.9""E - 46°45'54.69""N , 2°27'37.26""E - 46°45'56.31""N , 2°27'31.63""E - 46°45'57.94""N , 2°27'26""E - 46°45'59.59""N , 2°27'20.38""E - 46°46'1.25""N , 2°27'14.78""E - 46°46'2.92""N , 2°27'9.18""E - 46°46'4.61""N , 2°27'3.59""E - 46°46'6.3""N , 2°26'58.01""E - 46°46'8.02""N , 2°26'52.44""E - 46°46'9.75""N , 2°26'46.87""E - 46°46'11.49""N , 2°26'41.32""E - 46°46'13.25""N , 2°26'35.78""E - 46°46'15.02""N , 2°26'30.24""E - 46°46'16.8""N , 2°26'24.72""E - 46°46'18.6""N , 2°26'19.2""E - 46°46'20.41""N , 2°26'13.69""E - 46°46'22.24""N , 2°26'8.2""E - 46°46'24.08""N , 2°26'2.71""E - 46°46'25.93""N , 2°25'57.23""E - 46°46'27.8""N , 2°25'51.77""E - 46°46'29.68""N , 2°25'46.31""E - 46°46'31.57""N , 2°25'40.86""E - 46°46'33.48""N , 2°25'35.43""E - 46°46'35.4""N , 2°25'30""E - 46°46'37.33""N , 2°25'24.58""E - 46°46'39.28""N , 2°25'19.17""E - 46°46'41.24""N , 2°25'13.78""E - 46°46'43.22""N , 2°25'8.39""E - 46°46'45.21""N , 2°25'3.02""E - 46°46'47.21""N , 2°24'57.65""E - 46°46'49.23""N , 2°24'52.3""E - 46°46'51.25""N , 2°24'46.95""E - 46°46'53.3""N , 2°24'41.62""E - 46°46'55.35""N , 2°24'36.3""E - 46°46'57.42""N , 2°24'30.99""E - 46°46'59.51""N , 2°24'25.69""E - 46°47'1.6""N , 2°24'20.4""E - 46°47'3.71""N , 2°24'15.13""E - 46°47'5.83""N , 2°24'9.86""E - 46°47'7.97""N , 2°24'4.61""E - 46°47'10.11""N , 2°23'59.36""E - 46°47'12.28""N , 2°23'54.13""E - 46°47'14.45""N , 2°23'48.91""E - 46°47'16.64""N , 2°23'43.7""E - 46°47'18.84""N , 2°23'38.5""E - 46°47'21.06""N , 2°23'33.32""E - 46°47'23.28""N , 2°23'28.15""E - 46°47'25.52""N , 2°23'22.98""E - 46°47'27.77""N , 2°23'17.84""E - 46°47'30.04""N , 2°23'12.7""E - 46°47'32.32""N , 2°23'7.57""E - 46°47'34.61""N , 2°23'2.46""E - 46°47'36.91""N , 2°22'57.36""E - 46°47'39.23""N , 2°22'52.27""E - 46°47'41.56""N , 2°22'47.19""E - 46°47'43.9""N , 2°22'42.13""E - 46°47'46.25""N , 2°22'37.08""E - 46°47'48.62""N , 2°22'32.04""E - 46°47'51""N , 2°22'27.01""E - 46°42'56.99""N , 2°14'57.98""E - 46°36'20.02""N , 2°28'18.01""E"
R139B;CHER NORD;800ft AGL;3000ft AMSL;208;Oui;"47°4'14.99""N , 2°58'35""E - 47°2'29""N , 2°49'18.01""E - 47°0'20.02""N , 2°49'35""E - 46°56'26.02""N , 2°47'15""E - 46°55'3""N , 2°33'29.02""E - 46°47'51""N , 2°22'27.01""E - 46°47'48.62""N , 2°22'32.04""E - 46°47'46.25""N , 2°22'37.07""E - 46°47'43.89""N , 2°22'42.12""E - 46°47'41.54""N , 2°22'47.17""E - 46°47'39.2""N , 2°22'52.24""E - 46°47'36.86""N , 2°22'57.31""E - 46°47'34.54""N , 2°23'2.4""E - 46°47'32.23""N , 2°23'7.5""E - 46°47'29.94""N , 2°23'12.6""E - 46°47'27.65""N , 2°23'17.72""E - 46°47'25.37""N , 2°23'22.85""E - 46°47'23.11""N , 2°23'27.99""E - 46°47'20.85""N , 2°23'33.14""E - 46°47'18.61""N , 2°23'38.3""E - 46°47'16.38""N , 2°23'43.47""E - 46°47'14.16""N , 2°23'48.65""E - 46°47'11.95""N , 2°23'53.84""E - 46°47'9.76""N , 2°23'59.05""E - 46°47'7.57""N , 2°24'4.27""E - 46°47'5.4""N , 2°24'9.49""E - 46°47'3.25""N , 2°24'14.73""E - 46°47'1.1""N , 2°24'19.98""E - 46°46'58.97""N , 2°24'25.24""E - 46°46'56.85""N , 2°24'30.51""E - 46°46'54.74""N , 2°24'35.79""E - 46°46'52.64""N , 2°24'41.09""E - 46°46'50.56""N , 2°24'46.39""E - 46°46'48.5""N , 2°24'51.71""E - 46°46'46.44""N , 2°24'57.04""E - 46°46'44.4""N , 2°25'2.38""E - 46°46'42.38""N , 2°25'7.73""E - 46°46'40.37""N , 2°25'13.09""E - 46°46'38.37""N , 2°25'18.47""E - 46°46'36.39""N , 2°25'23.85""E - 46°46'34.42""N , 2°25'29.25""E - 46°46'32.46""N , 2°25'34.66""E - 46°46'30.52""N , 2°25'40.08""E - 46°46'28.6""N , 2°25'45.51""E - 46°46'26.69""N , 2°25'50.96""E - 46°46'24.8""N , 2°25'56.41""E - 46°46'22.92""N , 2°26'1.88""E - 46°46'21.05""N , 2°26'7.35""E - 46°46'19.21""N , 2°26'12.84""E - 46°46'17.38""N , 2°26'18.34""E - 46°46'15.56""N , 2°26'23.86""E - 46°46'13.76""N , 2°26'29.38""E - 46°46'11.98""N , 2°26'34.92""E - 46°46'10.21""N , 2°26'40.46""E - 46°46'8.46""N , 2°26'46.02""E - 46°46'6.73""N , 2°26'51.59""E - 46°46'5.02""N , 2°26'57.17""E - 46°46'3.31""N , 2°27'2.75""E - 46°46'1.62""N , 2°27'8.35""E - 46°45'59.95""N , 2°27'13.96""E - 46°45'58.29""N , 2°27'19.57""E - 46°45'56.64""N , 2°27'25.19""E - 46°45'55.01""N , 2°27'30.83""E - 46°45'53.39""N , 2°27'36.46""E - 46°45'51.79""N , 2°27'42.12""E - 46°45'50.2""N , 2°27'47.77""E - 46°45'48.62""N , 2°27'53.44""E - 46°45'47.06""N , 2°27'59.11""E - 46°45'45.51""N , 2°28'4.8""E - 46°45'43.98""N , 2°28'10.49""E - 46°45'42.46""N , 2°28'16.19""E - 46°45'40.96""N , 2°28'21.89""E - 46°45'39.47""N , 2°28'27.61""E - 46°45'37.99""N , 2°28'33.33""E - 46°45'36.53""N , 2°28'39.06""E - 46°45'35.08""N , 2°28'44.8""E - 46°45'33.65""N , 2°28'50.55""E - 46°45'32.23""N , 2°28'56.3""E - 46°45'30.82""N , 2°29'2.06""E - 46°45'29.43""N , 2°29'7.83""E - 46°45'28.06""N , 2°29'13.6""E - 46°45'26.7""N , 2°29'19.38""E - 46°45'25.35""N , 2°29'25.18""E - 46°45'24.02""N , 2°29'30.97""E - 46°45'22.7""N , 2°29'36.78""E - 46°45'21.4""N , 2°29'42.59""E - 46°45'20.11""N , 2°29'48.41""E - 46°45'18.84""N , 2°29'54.23""E - 46°45'17.58""N , 2°30'0.06""E - 46°45'16.33""N , 2°30'5.9""E - 46°45'15.11""N , 2°30'11.75""E - 46°45'13.89""N , 2°30'17.6""E - 46°45'12.69""N , 2°30'23.45""E - 46°45'11.5""N , 2°30'29.32""E - 46°45'10.33""N , 2°30'35.19""E - 46°45'9.18""N , 2°30'41.07""E - 46°45'8.03""N , 2°30'46.95""E - 46°45'6.9""N , 2°30'52.84""E - 46°45'5.79""N , 2°30'58.73""E - 46°45'4.7""N , 2°31'4.63""E - 46°45'3.61""N , 2°31'10.54""E - 46°45'2.55""N , 2°31'16.45""E - 46°45'1.49""N , 2°31'22.37""E - 46°45'0.45""N , 2°31'28.29""E - 46°44'59.43""N , 2°31'34.22""E - 46°44'58.42""N , 2°31'40.15""E - 46°44'57.43""N , 2°31'46.09""E - 46°44'56.45""N , 2°31'52.04""E - 46°44'55.49""N , 2°31'57.99""E - 46°44'54.54""N , 2°32'3.94""E - 46°44'53.6""N , 2°32'9.9""E - 46°44'52.68""N , 2°32'15.86""E - 46°44'51.78""N , 2°32'21.83""E - 46°44'50.89""N , 2°32'27.81""E - 46°44'50.01""N , 2°32'33.79""E - 46°44'49.16""N , 2°32'39.77""E - 46°44'48.31""N , 2°32'45.76""E - 46°44'47.48""N , 2°32'51.75""E - 46°44'46.67""N , 2°32'57.75""E - 46°44'45.87""N , 2°33'3.75""E - 46°44'45.09""N , 2°33'9.75""E - 46°44'44.31""N , 2°33'15.76""E - 46°44'43.56""N , 2°33'21.78""E - 46°44'42.82""N , 2°33'27.79""E - 46°44'42.1""N , 2°33'33.81""E - 46°44'41.39""N , 2°33'39.84""E - 46°44'40.69""N , 2°33'45.87""E - 46°44'40.02""N , 2°33'51.9""E - 46°44'39.35""N , 2°33'57.93""E - 46°44'38.7""N , 2°34'3.98""E - 46°44'38.07""N , 2°34'10.02""E - 46°44'37.45""N , 2°34'16.06""E - 46°44'36.85""N , 2°34'22.11""E - 46°44'36.26""N , 2°34'28.17""E - 46°44'35.69""N , 2°34'34.22""E - 46°44'35.13""N , 2°34'40.28""E - 46°44'34.59""N , 2°34'46.34""E - 46°44'34.06""N , 2°34'52.41""E - 46°44'33.55""N , 2°34'58.47""E - 46°44'33.05""N , 2°35'4.54""E - 46°44'32.57""N , 2°35'10.62""E - 46°44'32.1""N , 2°35'16.69""E - 46°44'31.65""N , 2°35'22.77""E - 46°44'31.21""N , 2°35'28.85""E - 46°44'30.79""N , 2°35'34.93""E - 46°44'30.39""N , 2°35'41.01""E - 46°44'30""N , 2°35'47.1""E - 46°44'29.62""N , 2°35'53.19""E - 46°44'29.26""N , 2°35'59.28""E - 46°44'28.92""N , 2°36'5.37""E - 46°44'28.59""N , 2°36'11.46""E - 46°44'28.27""N , 2°36'17.56""E - 46°44'27.97""N , 2°36'23.66""E - 46°44'27.69""N , 2°36'29.75""E - 46°44'27.42""N , 2°36'35.86""E - 46°44'27.17""N , 2°36'41.96""E - 46°44'26.93""N , 2°36'48.06""E - 46°44'26.71""N , 2°36'54.16""E - 46°44'26.5""N , 2°37'0.27""E - 46°44'26.31""N , 2°37'6.37""E - 46°44'26.13""N , 2°37'12.48""E - 46°44'25.97""N , 2°37'18.59""E - 46°44'25.83""N , 2°37'24.7""E - 46°44'25.7""N , 2°37'30.81""E - 46°44'25.58""N , 2°37'36.92""E - 46°44'25.48""N , 2°37'43.03""E - 46°44'25.39""N , 2°37'49.14""E - 46°44'25.32""N , 2°37'55.25""E - 46°44'25.27""N , 2°38'1.37""E - 46°44'25.23""N , 2°38'7.48""E - 46°44'25.21""N , 2°38'13.59""E - 46°44'25.2""N , 2°38'19.7""E - 46°44'25.21""N , 2°38'25.81""E - 46°44'25.23""N , 2°38'31.93""E - 46°44'25.26""N , 2°38'38.04""E - 46°44'25.32""N , 2°38'44.15""E - 46°44'25.39""N , 2°38'50.27""E - 46°44'25.47""N , 2°38'56.37""E - 46°44'25.57""N , 2°39'2.49""E - 46°44'25.68""N , 2°39'8.6""E - 46°44'25.81""N , 2°39'14.71""E - 46°44'25.95""N , 2°39'20.82""E - 46°44'26.12""N , 2°39'26.92""E - 46°44'26.29""N , 2°39'33.03""E - 46°44'26.48""N , 2°39'39.14""E - 46°44'26.69""N , 2°39'45.24""E - 46°44'26.91""N , 2°39'51.35""E - 46°44'27.15""N , 2°39'57.45""E - 46°44'27.39""N , 2°40'3.55""E - 46°44'27.66""N , 2°40'9.65""E - 46°44'27.95""N , 2°40'15.75""E - 46°44'28.24""N , 2°40'21.85""E - 46°44'28.55""N , 2°40'27.94""E - 46°44'28.89""N , 2°40'34.04""E - 46°44'29.23""N , 2°40'40.13""E - 46°44'29.59""N , 2°40'46.22""E - 46°44'29.96""N , 2°40'52.31""E - 46°44'30.35""N , 2°40'58.4""E - 46°44'30.75""N , 2°41'4.48""E - 46°44'31.17""N , 2°41'10.56""E - 46°44'31.61""N , 2°41'16.64""E - 46°44'32.06""N , 2°41'22.72""E - 46°44'32.52""N , 2°41'28.8""E - 46°44'33""N , 2°41'34.87""E - 46°44'33.5""N , 2°41'40.94""E - 46°44'34.01""N , 2°41'47""E - 46°51'45""N , 2°53'39.98""E - 47°4'14.99""N , 2°58'35""E"
R142A;NIEVRES EST;800ft AGL;4500ft AMSL;9;Non;"47°4'37.99""N , 3°40'0.01""E - 47°21'59""N , 3°36'10.01""E - 47°16'50.99""N , 3°8'40.99""E - 47°15'41""N , 3°11'8.02""E - 47°11'21.98""N , 3°14'10""E - 47°7'17""N , 3°11'24""E - 47°6'27""N , 3°11'3.01""E - 47°8'4.99""N , 3°19'30""E - 47°4'37.99""N , 3°40'0.01""E"
R142B;NIEVRES OUEST;800ft AGL;2200ft AGL;10;Non;"47°11'30.01""N , 2°40'37.99""E - 47°6'40""N , 2°48'45""E - 47°2'29""N , 2°49'18.01""E - 47°4'14.99""N , 2°58'35""E - 47°6'27""N , 3°11'3.01""E - 47°7'17""N , 3°11'24""E - 47°11'21.98""N , 3°14'10""E - 47°15'41""N , 3°11'8.02""E - 47°16'50.99""N , 3°8'40.99""E - 47°11'30.01""N , 2°40'37.99""E"
R143;AUVERGNE;SFC;5500ft AMSL;12;Non;"46°10'40.01""N , 2°56'11""E - 46°15'34.99""N , 2°35'20""E - 46°6'0""N , 2°33'29.99""E - 46°6'0""N , 2°9'0""E - 45°58'45.01""N , 1°54'29.99""E - 45°49'59.99""N , 1°58'0.01""E - 45°49'3""N , 2°10'16""E - 45°42'46.01""N , 2°27'20.02""E - 45°43'40.01""N , 2°35'30.01""E - 45°44'49.99""N , 2°46'30""E - 45°57'20.99""N , 2°58'8""E - 46°10'40.01""N , 2°56'11""E"
R144A;LOIRE SUD;800ft AGL;4500ft AMSL;6;Non;"46°45'5""N , 3°4'59.99""E - 46°43'9.01""N , 3°2'1""E - 46°15'34.99""N , 2°35'20""E - 46°10'40.01""N , 2°56'11""E - 46°38'47""N , 3°17'22.99""E - 46°45'5""N , 3°4'59.99""E"
R144B;LOIRE NORD;800ft AGL;2000ft AGL;8;Non;"46°58'59.99""N , 3°22'59.99""E - 46°50'16.01""N , 3°13'37.99""E - 46°45'5""N , 3°4'59.99""E - 46°38'47""N , 3°17'22.99""E - 46°57'28.01""N , 3°40'0.01""E - 47°4'37.99""N , 3°40'0.01""E - 47°8'4.99""N , 3°19'30""E - 46°58'59.99""N , 3°22'59.99""E"
R145;INDRE;SFC;4500ft AMSL;5;Non;"46°30'41""N , 1°56'24""E - 46°28'53""N , 2°16'9.01""E - 46°36'20.02""N , 2°28'18.01""E - 46°42'56.99""N , 2°14'57.98""E - 46°30'41""N , 1°56'24""E"
R145A;CREUSE;SFC;5500ft AMSL;5;Non;"46°13'30""N , 1°48'15.01""E - 46°28'53""N , 2°16'9.01""E - 46°30'41""N , 1°56'24""E - 46°15'40""N , 1°34'45.01""E - 46°13'30""N , 1°48'15.01""E"
R147;CHARENTE;800ft AGL;1500ft AGL;9;Non;"46°25'0.01""N , 1°0'0""W - 46°39'59""N , 0°41'22.99""W - 46°39'0""N , 0°55'59.99""W - 46°33'0""N , 1°3'0""W - 46°32'12.01""N , 1°13'14.99""W - 46°42'47.02""N , 1°58'48""W - 46°33'24.01""N , 1°50'6""W - 46°25'0.01""N , 1°15'0""W - 46°25'0.01""N , 1°0'0""W"
R149A;ORLEANAIS;800ft AGL;2000ft AGL;6;Non;"47°56'48.98""N , 1°14'6""E - 47°55'41.02""N , 1°9'32""E - 47°51'2.02""N , 1°6'23""E - 47°22'36.98""N , 2°0'32""E - 47°28'45.01""N , 2°7'54.98""E - 47°56'48.98""N , 1°14'6""E"
R149B;BERRY;800ft AGL;3000ft AMSL;206;Oui;"47°28'45.01""N , 2°7'54.98""E - 47°22'36.98""N , 2°0'32""E - 47°15'0""N , 2°7'59.99""E - 47°6'32""N , 2°25'55.99""E - 47°6'33.86""N , 2°25'57""E - 47°6'35.71""N , 2°25'58.02""E - 47°6'37.56""N , 2°25'59.05""E - 47°6'39.41""N , 2°26'0.09""E - 47°6'41.26""N , 2°26'1.14""E - 47°6'43.1""N , 2°26'2.2""E - 47°6'44.94""N , 2°26'3.27""E - 47°6'46.78""N , 2°26'4.35""E - 47°6'48.61""N , 2°26'5.44""E - 47°6'50.44""N , 2°26'6.54""E - 47°6'52.27""N , 2°26'7.65""E - 47°6'54.1""N , 2°26'8.77""E - 47°6'55.92""N , 2°26'9.9""E - 47°6'57.74""N , 2°26'11.04""E - 47°6'59.56""N , 2°26'12.19""E - 47°7'1.37""N , 2°26'13.35""E - 47°7'3.18""N , 2°26'14.52""E - 47°7'4.99""N , 2°26'15.7""E - 47°7'6.8""N , 2°26'16.89""E - 47°7'8.6""N , 2°26'18.09""E - 47°7'10.4""N , 2°26'19.3""E - 47°7'12.2""N , 2°26'20.52""E - 47°7'13.99""N , 2°26'21.75""E - 47°7'15.78""N , 2°26'22.99""E - 47°7'17.57""N , 2°26'24.24""E - 47°7'19.35""N , 2°26'25.5""E - 47°7'21.13""N , 2°26'26.76""E - 47°7'22.91""N , 2°26'28.04""E - 47°7'24.68""N , 2°26'29.33""E - 47°7'26.45""N , 2°26'30.63""E - 47°7'28.22""N , 2°26'31.93""E - 47°7'29.99""N , 2°26'33.25""E - 47°7'31.75""N , 2°26'34.57""E - 47°7'33.51""N , 2°26'35.91""E - 47°7'35.26""N , 2°26'37.25""E - 47°7'37.01""N , 2°26'38.61""E - 47°7'38.76""N , 2°26'39.97""E - 47°7'40.5""N , 2°26'41.34""E - 47°7'42.25""N , 2°26'42.72""E - 47°7'43.98""N , 2°26'44.11""E - 47°7'45.72""N , 2°26'45.51""E - 47°7'47.45""N , 2°26'46.91""E - 47°7'49.18""N , 2°26'48.33""E - 47°7'50.9""N , 2°26'49.76""E - 47°7'52.62""N , 2°26'51.19""E - 47°7'54.34""N , 2°26'52.64""E - 47°7'56.05""N , 2°26'54.09""E - 47°7'57.76""N , 2°26'55.55""E - 47°7'59.47""N , 2°26'57.03""E - 47°8'1.17""N , 2°26'58.51""E - 47°8'2.87""N , 2°27'0""E - 47°8'4.57""N , 2°27'1.49""E - 47°8'6.26""N , 2°27'3""E - 47°8'7.95""N , 2°27'4.52""E - 47°8'9.63""N , 2°27'6.04""E - 47°8'11.31""N , 2°27'7.58""E - 47°8'12.99""N , 2°27'9.12""E - 47°8'14.66""N , 2°27'10.67""E - 47°8'16.33""N , 2°27'12.24""E - 47°8'18""N , 2°27'13.81""E - 47°8'19.66""N , 2°27'15.39""E - 47°8'21.31""N , 2°27'16.98""E - 47°8'22.97""N , 2°27'18.58""E - 47°8'24.62""N , 2°27'20.18""E - 47°8'26.26""N , 2°27'21.8""E - 47°8'27.9""N , 2°27'23.42""E - 47°8'29.54""N , 2°27'25.06""E - 47°8'31.17""N , 2°27'26.7""E - 47°8'32.8""N , 2°27'28.35""E - 47°8'34.43""N , 2°27'30.01""E - 47°8'36.05""N , 2°27'31.68""E - 47°8'37.66""N , 2°27'33.35""E - 47°8'39.27""N , 2°27'35.04""E - 47°8'40.88""N , 2°27'36.73""E - 47°8'42.49""N , 2°27'38.44""E - 47°8'44.09""N , 2°27'40.15""E - 47°8'45.68""N , 2°27'41.87""E - 47°8'47.27""N , 2°27'43.6""E - 47°8'48.86""N , 2°27'45.34""E - 47°8'50.44""N , 2°27'47.09""E - 47°8'52.02""N , 2°27'48.84""E - 47°8'53.59""N , 2°27'50.61""E - 47°8'55.16""N , 2°27'52.38""E - 47°8'56.73""N , 2°27'54.16""E - 47°8'58.29""N , 2°27'55.95""E - 47°8'59.84""N , 2°27'57.74""E - 47°9'1.39""N , 2°27'59.55""E - 47°9'2.94""N , 2°28'1.37""E - 47°9'4.48""N , 2°28'3.19""E - 47°9'6.02""N , 2°28'5.02""E - 47°9'7.55""N , 2°28'6.86""E - 47°9'9.08""N , 2°28'8.71""E - 47°9'10.61""N , 2°28'10.56""E - 47°9'12.12""N , 2°28'12.42""E - 47°9'13.64""N , 2°28'14.3""E - 47°9'15.15""N , 2°28'16.18""E - 47°9'16.65""N , 2°28'18.07""E - 47°9'18.15""N , 2°28'19.96""E - 47°9'19.65""N , 2°28'21.87""E - 47°9'21.14""N , 2°28'23.78""E - 47°9'22.63""N , 2°28'25.7""E - 47°9'24.11""N , 2°28'27.63""E - 47°9'25.58""N , 2°28'29.57""E - 47°9'27.05""N , 2°28'31.51""E - 47°9'28.52""N , 2°28'33.46""E - 47°9'29.98""N , 2°28'35.43""E - 47°9'31.44""N , 2°28'37.39""E - 47°9'32.89""N , 2°28'39.37""E - 47°9'34.34""N , 2°28'41.35""E - 47°9'35.78""N , 2°28'43.35""E - 47°9'37.22""N , 2°28'45.35""E - 47°9'38.65""N , 2°28'47.36""E - 47°9'40.08""N , 2°28'49.37""E - 47°9'41.5""N , 2°28'51.39""E - 47°9'42.92""N , 2°28'53.43""E - 47°9'44.33""N , 2°28'55.46""E - 47°9'45.73""N , 2°28'57.51""E - 47°9'47.13""N , 2°28'59.56""E - 47°9'48.53""N , 2°29'1.62""E - 47°9'49.92""N , 2°29'3.69""E - 47°9'51.31""N , 2°29'5.77""E - 47°9'52.69""N , 2°29'7.85""E - 47°9'54.06""N , 2°29'9.94""E - 47°9'55.44""N , 2°29'12.04""E - 47°9'56.8""N , 2°29'14.15""E - 47°9'58.16""N , 2°29'16.26""E - 47°9'59.52""N , 2°29'18.38""E - 47°10'0.87""N , 2°29'20.51""E - 47°10'2.21""N , 2°29'22.65""E - 47°10'3.55""N , 2°29'24.79""E - 47°10'4.88""N , 2°29'26.94""E - 47°10'6.21""N , 2°29'29.1""E - 47°10'7.53""N , 2°29'31.26""E - 47°10'8.85""N , 2°29'33.43""E - 47°10'10.16""N , 2°29'35.61""E - 47°10'11.47""N , 2°29'37.8""E - 47°10'12.77""N , 2°29'39.99""E - 47°10'14.07""N , 2°29'42.19""E - 47°10'15.36""N , 2°29'44.39""E - 47°10'16.64""N , 2°29'46.61""E - 47°10'17.92""N , 2°29'48.83""E - 47°10'19.19""N , 2°29'51.06""E - 47°10'20.46""N , 2°29'53.29""E - 47°10'21.72""N , 2°29'55.53""E - 47°10'22.98""N , 2°29'57.78""E - 47°10'24.23""N , 2°30'0.04""E - 47°10'25.47""N , 2°30'2.3""E - 47°10'26.71""N , 2°30'4.56""E - 47°10'27.95""N , 2°30'6.84""E - 47°10'29.18""N , 2°30'9.12""E - 47°10'30.4""N , 2°30'11.41""E - 47°10'31.62""N , 2°30'13.71""E - 47°10'32.83""N , 2°30'16.01""E - 47°10'34.03""N , 2°30'18.32""E - 47°10'35.23""N , 2°30'20.63""E - 47°10'36.43""N , 2°30'22.95""E - 47°10'37.61""N , 2°30'25.28""E - 47°10'38.79""N , 2°30'27.61""E - 47°10'39.97""N , 2°30'29.95""E - 47°10'41.14""N , 2°30'32.3""E - 47°10'42.31""N , 2°30'34.65""E - 47°10'43.46""N , 2°30'37.01""E - 47°10'44.62""N , 2°30'39.38""E - 47°10'45.76""N , 2°30'41.75""E - 47°10'46.91""N , 2°30'44.13""E - 47°10'48.04""N , 2°30'46.51""E - 47°10'49.17""N , 2°30'48.9""E - 47°10'50.29""N , 2°30'51.3""E - 47°10'51.41""N , 2°30'53.7""E - 47°10'52.52""N , 2°30'56.11""E - 47°10'53.63""N , 2°30'58.52""E - 47°10'54.72""N , 2°31'0.94""E - 47°10'55.82""N , 2°31'3.37""E - 47°10'56.91""N , 2°31'5.8""E - 47°10'57.99""N , 2°31'8.24""E - 47°10'59.06""N , 2°31'10.68""E - 47°11'0.13""N , 2°31'13.13""E - 47°11'1.19""N , 2°31'15.59""E - 47°11'2.25""N , 2°31'18.05""E - 47°11'3.3""N , 2°31'20.52""E - 47°11'4.34""N , 2°31'22.99""E - 47°11'5.38""N , 2°31'25.47""E - 47°11'6.41""N , 2°31'27.95""E - 47°11'7.44""N , 2°31'30.44""E - 47°11'8.46""N , 2°31'32.94""E - 47°11'9.47""N , 2°31'35.44""E - 47°11'10.48""N , 2°31'37.95""E - 47°11'11.48""N , 2°31'40.45""E - 47°11'12.47""N , 2°31'42.97""E - 47°11'13.46""N , 2°31'45.49""E - 47°11'14.44""N , 2°31'48.02""E - 47°11'15.42""N , 2°31'50.56""E - 47°11'16.39""N , 2°31'53.09""E - 47°11'17.35""N , 2°31'55.64""E - 47°11'18.3""N , 2°31'58.18""E - 47°11'19.26""N , 2°32'0.74""E - 47°11'20.2""N , 2°32'3.3""E - 47°11'21.14""N , 2°32'5.86""E - 47°11'22.07""N , 2°32'8.43""E - 47°11'22.99""N , 2°32'11""E - 47°13'25""N , 2°37'25""E - 47°28'45.01""N , 2°7'54.98""E"
R149D;VENDEE;800ft AGL;2200ft AGL;7;Non;"47°9'9""N , 1°11'51""W - 47°0'0""N , 1°15'0""W - 46°39'0""N , 0°55'59.99""W - 46°39'59""N , 0°41'22.99""W - 47°1'18.98""N , 1°3'47.99""W - 47°6'37.01""N , 1°1'52""W - 47°9'9""N , 1°11'51""W"
R149E;MAINE-ANJOU;800ft AGL;1800ft AGL;7;Non;"48°11'35.02""N , 0°57'14""W - 48°11'21.98""N , 1°9'6.01""W - 47°24'29.99""N , 1°6'29.99""W - 47°9'9""N , 1°11'51""W - 47°6'37.01""N , 1°1'52""W - 47°23'37""N , 0°55'46.99""W - 48°11'35.02""N , 0°57'14""W"
R152;ALSACE;800ft AGL;2800ft AGL;9;Non;"48°41'3.01""N , 6°41'16.01""E - 48°40'18.01""N , 6°33'47.99""E - 48°21'0""N , 6°37'59.99""E - 48°7'0.01""N , 6°27'0""E - 48°10'50.99""N , 5°47'21.98""E - 48°5'7.01""N , 5°59'21.98""E - 48°1'59.99""N , 6°31'0.01""E - 48°19'59.99""N , 6°46'0.01""E - 48°41'3.01""N , 6°41'16.01""E"
R165A;VIENNE SUD;800ft AGL;5500ft AMSL;5;Non;"45°49'59.99""N , 1°58'0.01""E - 46°4'59.99""N , 1°52'0.01""E - 46°2'10""N , 1°38'47""E - 45°48'0""N , 1°43'0.01""E - 45°49'59.99""N , 1°58'0.01""E"
R165B;VIENNE NORD;800ft AGL;5500ft AMSL;5;Non;"46°13'30""N , 1°48'15.01""E - 46°15'40""N , 1°34'45.01""E - 46°2'10""N , 1°38'47""E - 46°4'59.99""N , 1°52'0.01""E - 46°13'30""N , 1°48'15.01""E"
R166A1;GIRONDE SUD;800ft AGL;2500ft AMSL;8;Non;"44°30'55.01""N , 0°4'34""W - 44°27'41""N , 0°8'1""E - 44°52'0.01""N , 0°7'0.01""E - 44°58'25""N , 0°17'3.98""E - 45°7'58.01""N , 0°10'0.01""E - 44°58'0.01""N , 0°4'0.01""W - 44°31'59.99""N , 0°1'0.01""E - 44°30'55.01""N , 0°4'34""W"
R166A2;GIRONDE NORD;800ft AGL;4500ft AMSL;7;Non;"45°7'58.01""N , 0°10'0.01""E - 44°58'25""N , 0°17'3.98""E - 45°6'0""N , 0°28'59.99""E - 45°11'22.99""N , 0°31'57""E - 45°16'4.01""N , 0°21'41""E - 45°13'0.01""N , 0°19'0.01""E - 45°7'58.01""N , 0°10'0.01""E"
R166B;PERIGORD;SFC;4500ft AMSL;8;Non;"45°16'4.01""N , 0°21'41""E - 45°11'22.99""N , 0°31'57""E - 45°12'36""N , 0°32'37""E - 45°20'25.01""N , 0°41'26.99""E - 45°19'59.02""N , 1°25'9.98""E - 45°30'38.99""N , 1°18'6.01""E - 45°30'0""N , 0°34'0.01""E - 45°16'4.01""N , 0°21'41""E"
R166C;VEZERE;800ft AGL;FL065;8;Non;"45°30'38.99""N , 1°18'6.01""E - 45°19'59.02""N , 1°25'9.98""E - 45°22'59.99""N , 1°40'0.01""E - 45°47'21.01""N , 1°58'40.01""E - 45°49'59.99""N , 1°58'0.01""E - 45°48'0""N , 1°43'0.01""E - 45°52'17""N , 1°41'44.02""E - 45°30'38.99""N , 1°18'6.01""E"
R191A;HERAULT EST;800ft AGL;1500ft AMSL;5;Non;"43°18'20.02""N , 3°41'56""E - 43°15'10.01""N , 3°39'10.01""E - 43°15'10.01""N , 4°39'50""E - 43°18'20.02""N , 4°44'39.98""E - 43°18'20.02""N , 3°41'56""E"
R191B;;800ft AGL;2500ft AMSL;8;Non;"43°9'43.99""N , 3°8'30.01""E - 43°2'15""N , 3°9'38.99""E - 43°4'59.99""N , 3°24'0""E - 43°8'39.98""N , 3°29'25.01""E - 43°18'20.02""N , 3°41'56""E - 43°18'20.02""N , 3°33'50""E - 43°12'7.99""N , 3°27'22""E - 43°9'43.99""N , 3°8'30.01""E"
R191C;HERAULT NORD;800ft AGL;2500ft AMSL;7;Non;"43°39'10.01""N , 3°31'30""E - 43°18'20.02""N , 3°33'50""E - 43°18'20.02""N , 3°41'56""E - 43°23'44.99""N , 3°39'29.99""E - 43°39'29.99""N , 3°37'0.01""E - 43°41'13.99""N , 3°36'4""E - 43°39'10.01""N , 3°31'30""E"
R193A;TARN EST;800ft AGL;4400ft AMSL;7;Non;"43°52'59.99""N , 3°23'30.01""E - 43°39'10.01""N , 3°31'30""E - 43°41'13.99""N , 3°36'4""E - 43°42'0""N , 3°35'38""E - 43°53'30.01""N , 3°34'45.01""E - 43°56'8.02""N , 3°33'24.01""E - 43°52'59.99""N , 3°23'30.01""E"
R193B;TARN;800ft AGL;4200ft AMSL;6;Non;"44°3'29.99""N , 2°36'20.02""E - 43°54'0""N , 2°40'59.99""E - 43°39'10.01""N , 3°31'30""E - 43°52'59.99""N , 3°23'30.01""E - 43°50'34.01""N , 3°19'17""E - 44°3'29.99""N , 2°36'20.02""E"
R45A;BOURGOGNE;SFC;800ft AGL;5;Non;"47°38'3.98""N , 4°37'19.99""E - 47°43'28.99""N , 5°18'38.99""E - 47°52'27.98""N , 5°12'0""E - 47°46'5.99""N , 4°28'52""E - 47°38'3.98""N , 4°37'19.99""E"
R45B;AUTUNOIS;SFC;800ft AGL;12;Non;"47°12'43.99""N , 4°21'10.01""E - 47°11'49.99""N , 4°10'59.02""E - 47°21'27""N , 4°14'48.98""E - 47°23'7.01""N , 4°5'48.01""E - 47°29'17.02""N , 3°59'43.01""E - 47°21'59""N , 3°36'10.01""E - 47°4'37.99""N , 3°40'0.01""E - 47°0'47.02""N , 4°16'41.99""E - 46°45'6.98""N , 4°31'44""E - 46°48'55.01""N , 4°41'49.99""E - 47°8'11""N , 4°41'4.99""E - 47°12'43.99""N , 4°21'10.01""E"
R45C;ARBOIS;SFC;800ft AGL;12;Non;"47°9'55.01""N , 5°58'32.99""E - 47°3'15.01""N , 5°47'30.98""E - 46°54'33.98""N , 6°0'0""E - 46°47'10""N , 6°0'56.02""E - 46°42'50""N , 5°52'41.02""E - 46°33'41""N , 5°21'15.98""E - 46°24'32""N , 5°27'34.99""E - 46°27'50""N , 5°44'49.99""E - 46°37'31.01""N , 6°0'24.98""E - 46°45'32""N , 6°15'59""E - 46°58'12""N , 6°15'0""E - 47°9'55.01""N , 5°58'32.99""E"
R45N2;ARDENNES;800ft AGL;2400ft AGL;7;Non;"49°34'28.99""N , 4°41'42""E - 49°28'40.01""N , 4°35'10""E - 49°22'40.01""N , 4°40'0.01""E - 49°19'0.01""N , 4°46'30""E - 49°22'9.98""N , 5°5'30.01""E - 49°29'49.99""N , 5°13'41.99""E - 49°34'28.99""N , 4°41'42""E"
R45N3;LUXEMBOURG;800ft AGL;2700ft AGL;15;Non;"49°30'0""N , 6°13'0.01""E - 49°27'10.01""N , 6°6'2.99""E - 49°27'10.01""N , 6°2'44.02""E - 49°27'10.01""N , 5°58'48""E - 49°27'10.01""N , 5°31'59.99""E - 49°29'49.99""N , 5°13'41.99""E - 49°22'9.98""N , 5°5'30.01""E - 49°22'9.98""N , 5°12'0""E - 49°22'16""N , 6°6'0""E - 49°25'0.01""N , 6°13'0.01""E - 49°22'21""N , 6°23'29""E - 49°22'45.01""N , 6°31'7""E - 49°27'20.02""N , 6°28'49.01""E - 49°27'18""N , 6°22'0.01""E - 49°30'0""N , 6°13'0.01""E"
R45N4;MOSELLE;800ft AGL;3800ft AMSL;5;Non;"49°22'45.01""N , 6°31'7""E - 49°22'21""N , 6°23'29""E - 48°40'18.01""N , 6°33'47.99""E - 48°41'3.01""N , 6°41'16.01""E - 49°22'45.01""N , 6°31'7""E"
R45N5.1;MEUSE NORD;800ft AGL;2700ft AGL;7;Non;"49°22'9.98""N , 5°5'30.01""E - 49°19'0.01""N , 4°46'30""E - 49°13'14.99""N , 4°59'55""E - 48°52'55.99""N , 5°14'7.01""E - 48°43'59.99""N , 5°17'3.98""E - 48°46'22.01""N , 5°26'46""E - 49°22'9.98""N , 5°5'30.01""E"
R45N5.2;MEUSE SUD;800ft AGL;2700ft AGL;8;Non;"48°46'22.01""N , 5°26'46""E - 48°43'59.99""N , 5°17'3.98""E - 48°41'35.99""N , 5°17'51""E - 48°17'48.98""N , 5°31'52""E - 48°15'11.02""N , 5°33'18""E - 48°11'47""N , 5°36'20.99""E - 48°10'50.99""N , 5°47'21.98""E - 48°46'22.01""N , 5°26'46""E"
R45NS;DAMBLAIN;800ft AGL;2800ft AGL;6;Non;"48°11'47""N , 5°36'20.99""E - 48°5'21.98""N , 5°42'5""E - 48°0'37.01""N , 5°52'41.02""E - 48°5'7.01""N , 5°59'21.98""E - 48°10'50.99""N , 5°47'21.98""E - 48°11'47""N , 5°36'20.99""E"
R45S1;FRANCHE-COMTE;800ft AGL;4500ft AMSL;9;Non;"47°58'30""N , 6°2'30.01""E - 48°4'55.99""N , 6°12'56.02""E - 48°8'2""N , 6°9'42.98""E - 48°9'40""N , 6°5'17.02""E - 48°10'50.99""N , 5°52'36.01""E - 48°10'32.02""N , 5°48'2.99""E - 48°5'21.98""N , 5°42'5""E - 48°0'37.01""N , 5°52'41.02""E - 47°58'30""N , 6°2'30.01""E"
R45S2;LANGRES;800ft AGL;FL065;12;Non;"48°0'37.01""N , 5°52'41.02""E - 48°5'21.98""N , 5°42'5""E - 47°52'27.98""N , 5°12'0""E - 47°43'59.99""N , 4°15'0""E - 47°29'17.02""N , 3°59'43.01""E - 47°23'7.01""N , 4°5'48.01""E - 47°21'27""N , 4°14'48.98""E - 47°29'57.01""N , 4°16'49.01""E - 47°38'3.98""N , 4°37'19.99""E - 47°43'28.99""N , 5°18'38.99""E - 47°54'27""N , 5°44'24""E - 48°0'37.01""N , 5°52'41.02""E"
R45S3;YONNE;800ft AGL;FL065;12;Non;"47°12'43.99""N , 4°21'10.01""E - 47°11'49.99""N , 4°10'59.02""E - 47°21'27""N , 4°14'48.98""E - 47°23'7.01""N , 4°5'48.01""E - 47°29'17.02""N , 3°59'43.01""E - 47°21'59""N , 3°36'10.01""E - 47°4'37.99""N , 3°40'0.01""E - 47°0'47.02""N , 4°16'41.99""E - 46°45'6.98""N , 4°31'44""E - 46°48'55.01""N , 4°41'49.99""E - 47°8'11""N , 4°41'4.99""E - 47°12'43.99""N , 4°21'10.01""E"
R45S4;MACONNAIS OUEST;800ft AGL;FL065;7;Non;"46°24'10.01""N , 4°49'5.02""E - 46°33'55.01""N , 4°50'38""E - 46°48'55.01""N , 4°41'49.99""E - 46°45'6.98""N , 4°31'44""E - 46°34'0.01""N , 4°39'20.02""E - 46°24'10.01""N , 4°42'54""E - 46°24'10.01""N , 4°49'5.02""E"
R45S5;MACONNAIS CENTRE;800ft AGL;5000ft AMSL;9;Non;"46°24'10.01""N , 4°49'5.02""E - 46°24'10.01""N , 5°2'44.99""E - 46°23'7.01""N , 5°20'13.99""E - 46°24'32""N , 5°27'34.99""E - 46°33'41""N , 5°21'15.98""E - 46°33'25.99""N , 5°20'24""E - 46°31'32.99""N , 4°52'1.99""E - 46°33'55.01""N , 4°50'38""E - 46°24'10.01""N , 4°49'5.02""E"
R45S6.1;MACONNAIS NORD EST;800ft AGL;FL085;9;Non;"47°9'55.01""N , 5°58'32.99""E - 47°3'15.01""N , 5°47'30.98""E - 46°54'33.98""N , 6°0'0""E - 46°47'10""N , 6°0'56.02""E - 46°42'50""N , 5°52'41.02""E - 46°37'31.01""N , 6°0'24.98""E - 46°45'32""N , 6°15'59""E - 46°58'12""N , 6°15'0""E - 47°9'55.01""N , 5°58'32.99""E"
R45S6.2;MACONNAIS SUD EST;800ft AGL;6700ft AMSL;6;Non;"46°42'50""N , 5°52'41.02""E - 46°33'41""N , 5°21'15.98""E - 46°24'32""N , 5°27'34.99""E - 46°27'50""N , 5°44'49.99""E - 46°37'31.01""N , 6°0'24.98""E - 46°42'50""N , 5°52'41.02""E"
R45S7;JURA;800ft AGL;FL065;8;Non;"47°9'55.01""N , 5°58'32.99""E - 47°14'13.99""N , 5°52'58.01""E - 47°33'46.01""N , 6°31'48""E - 47°37'54.98""N , 6°16'36.01""E - 47°19'9.01""N , 5°36'42.01""E - 47°14'22.99""N , 5°32'44.99""E - 47°3'15.01""N , 5°47'30.98""E - 47°9'55.01""N , 5°58'32.99""E"
R46A;;800ft AGL;2100ft AMSL;12;Non;"44°32'15""N , 0°9'46.01""W - 44°19'59.99""N , 0°7'0.01""E - 44°10'0.01""N , 0°7'0.01""W - 44°6'29.99""N , 0°6'0""W - 44°6'51.01""N , 0°4'0.01""E - 44°17'38""N , 0°18'0""E - 44°16'44""N , 0°28'31.01""E - 44°16'28.99""N , 0°30'0""E - 44°23'55""N , 0°30'0""E - 44°27'41""N , 0°8'1""E - 44°30'55.01""N , 0°4'34""W - 44°32'15""N , 0°9'46.01""W"
R46B;;800ft AGL;2400ft AMSL;9;Non;"44°23'55""N , 0°30'0""E - 44°16'28.99""N , 0°30'0""E - 44°13'49.01""N , 0°45'34.99""E - 44°11'49.99""N , 0°54'34.99""E - 44°5'30.01""N , 1°32'20""E - 44°12'29.99""N , 1°34'0.01""E - 44°18'6.01""N , 1°1'18.98""E - 44°20'49.99""N , 0°47'53.02""E - 44°23'55""N , 0°30'0""E"
R46C;;800ft AGL;3400ft AMSL;7;Non;"44°12'29.99""N , 1°34'0.01""E - 44°5'30.01""N , 1°32'20""E - 44°0'40""N , 2°22'30""E - 43°57'40""N , 2°28'30""E - 44°3'29.99""N , 2°36'20.02""E - 44°8'10""N , 2°25'0.01""E - 44°12'29.99""N , 1°34'0.01""E"
R46D;;800ft AGL;5400ft AMSL;8;Non;"43°57'40""N , 2°28'30""E - 43°30'56.02""N , 2°40'44""E - 43°25'35""N , 2°42'29.02""E - 43°27'38.02""N , 2°52'7""E - 43°33'0""N , 2°50'20""E - 43°54'0""N , 2°40'59.99""E - 44°3'29.99""N , 2°36'20.02""E - 43°57'40""N , 2°28'30""E"
R46E1;;800ft AGL;4700ft AMSL;5;Non;"43°27'38.02""N , 2°52'7""E - 43°25'35""N , 2°42'29.02""E - 43°16'54.98""N , 2°45'29.99""E - 43°19'0.01""N , 2°55'0.01""E - 43°27'38.02""N , 2°52'7""E"
R46E2;;800ft AGL;2800ft AMSL;9;Non;"43°16'54.98""N , 2°45'29.99""E - 43°7'48""N , 2°48'27""E - 43°0'7.99""N , 2°55'18.01""E - 43°0'0""N , 2°58'0.01""E - 43°2'15""N , 3°9'38.99""E - 43°9'43.99""N , 3°8'30.01""E - 43°7'36.01""N , 2°58'48""E - 43°19'0.01""N , 2°55'0.01""E - 43°16'54.98""N , 2°45'29.99""E"
R46F1;;800ft AGL;4000ft AMSL;6;Non;"43°8'55""N , 2°11'20""E - 43°1'59.99""N , 2°16'59.99""E - 43°0'7.99""N , 2°55'18.01""E - 43°7'48""N , 2°48'27""E - 43°7'55.99""N , 2°24'9""E - 43°8'55""N , 2°11'20""E"
R46F2;;800ft AGL;3400ft AMSL;8;Non;"43°1'59.99""N , 2°16'59.99""E - 43°8'55""N , 2°11'20""E - 43°9'20.99""N , 2°5'52.01""E - 43°16'0.01""N , 1°39'0""E - 43°16'39""N , 1°28'59.99""E - 43°9'24.01""N , 1°28'59.99""E - 43°9'0""N , 1°38'20""E - 43°1'59.99""N , 2°16'59.99""E"
R46F3;;800ft AGL;3300ft AMSL;7;Non;"43°16'39""N , 1°28'59.99""E - 43°17'52.01""N , 0°58'50.02""E - 43°28'13.01""N , 0°36'41""E - 43°19'50.02""N , 0°33'24.98""E - 43°10'59.99""N , 0°50'30.01""E - 43°9'24.01""N , 1°28'59.99""E - 43°16'39""N , 1°28'59.99""E"
R46G;;800ft AGL;2500ft AMSL;7;Non;"43°45'0""N , 0°1'0.01""E - 43°34'59.99""N , 0°4'0.01""E - 43°19'50.02""N , 0°33'24.98""E - 43°28'13.01""N , 0°36'41""E - 43°37'59.99""N , 0°15'29.99""E - 43°45'20.02""N , 0°13'40.01""E - 43°45'0""N , 0°1'0.01""E"
R46N1;CORBIERES;SFC;800ft AGL;211;Oui;"43°16'0.01""N , 1°39'0""E - 43°9'0""N , 1°38'20""E - 43°2'56""N , 2°11'55""E - 43°2'56.91""N , 2°11'54.9""E - 43°2'57.81""N , 2°11'54.83""E - 43°2'58.72""N , 2°11'54.79""E - 43°2'59.62""N , 2°11'54.76""E - 43°3'0.53""N , 2°11'54.76""E - 43°3'1.43""N , 2°11'54.79""E - 43°3'2.34""N , 2°11'54.83""E - 43°3'3.24""N , 2°11'54.9""E - 43°3'4.15""N , 2°11'54.99""E - 43°3'5.05""N , 2°11'55.11""E - 43°3'5.95""N , 2°11'55.24""E - 43°3'6.85""N , 2°11'55.41""E - 43°3'7.74""N , 2°11'55.59""E - 43°3'8.64""N , 2°11'55.8""E - 43°3'9.53""N , 2°11'56.03""E - 43°3'10.42""N , 2°11'56.28""E - 43°3'11.3""N , 2°11'56.56""E - 43°3'12.18""N , 2°11'56.86""E - 43°3'13.06""N , 2°11'57.18""E - 43°3'13.93""N , 2°11'57.52""E - 43°3'14.79""N , 2°11'57.89""E - 43°3'15.66""N , 2°11'58.28""E - 43°3'16.51""N , 2°11'58.69""E - 43°3'17.36""N , 2°11'59.13""E - 43°3'18.21""N , 2°11'59.58""E - 43°3'19.04""N , 2°12'0.06""E - 43°3'19.88""N , 2°12'0.56""E - 43°3'20.7""N , 2°12'1.08""E - 43°3'21.51""N , 2°12'1.62""E - 43°3'22.32""N , 2°12'2.19""E - 43°3'23.12""N , 2°12'2.77""E - 43°3'23.92""N , 2°12'3.38""E - 43°3'24.7""N , 2°12'4""E - 43°3'25.48""N , 2°12'4.65""E - 43°3'26.24""N , 2°12'5.32""E - 43°3'27""N , 2°12'6""E - 43°3'27.75""N , 2°12'6.71""E - 43°3'28.48""N , 2°12'7.44""E - 43°3'29.21""N , 2°12'8.19""E - 43°3'29.93""N , 2°12'8.95""E - 43°3'30.63""N , 2°12'9.73""E - 43°3'31.33""N , 2°12'10.54""E - 43°3'32.01""N , 2°12'11.36""E - 43°3'32.68""N , 2°12'12.2""E - 43°3'33.34""N , 2°12'13.05""E - 43°3'33.99""N , 2°12'13.92""E - 43°3'34.62""N , 2°12'14.82""E - 43°3'35.24""N , 2°12'15.72""E - 43°3'35.85""N , 2°12'16.65""E - 43°3'36.45""N , 2°12'17.59""E - 43°3'37.03""N , 2°12'18.54""E - 43°3'37.6""N , 2°12'19.51""E - 43°3'38.16""N , 2°12'20.5""E - 43°3'38.7""N , 2°12'21.5""E - 43°3'39.23""N , 2°12'22.51""E - 43°3'39.74""N , 2°12'23.54""E - 43°3'40.24""N , 2°12'24.58""E - 43°3'40.72""N , 2°12'25.63""E - 43°3'41.19""N , 2°12'26.69""E - 43°3'41.65""N , 2°12'27.77""E - 43°3'42.09""N , 2°12'28.86""E - 43°3'42.51""N , 2°12'29.96""E - 43°3'42.92""N , 2°12'31.07""E - 43°3'43.32""N , 2°12'32.19""E - 43°3'43.69""N , 2°12'33.32""E - 43°3'44.06""N , 2°12'34.46""E - 43°3'44.4""N , 2°12'35.61""E - 43°3'44.73""N , 2°12'36.77""E - 43°3'45.05""N , 2°12'37.94""E - 43°3'45.35""N , 2°12'39.11""E - 43°3'45.63""N , 2°12'40.3""E - 43°3'45.89""N , 2°12'41.49""E - 43°3'46.14""N , 2°12'42.69""E - 43°3'46.38""N , 2°12'43.89""E - 43°3'46.59""N , 2°12'45.1""E - 43°3'46.79""N , 2°12'46.31""E - 43°3'46.97""N , 2°12'47.53""E - 43°3'47.13""N , 2°12'48.75""E - 43°3'47.28""N , 2°12'49.98""E - 43°3'47.42""N , 2°12'51.21""E - 43°3'47.53""N , 2°12'52.44""E - 43°3'47.62""N , 2°12'53.68""E - 43°3'47.7""N , 2°12'54.92""E - 43°3'47.76""N , 2°12'56.16""E - 43°3'47.81""N , 2°12'57.41""E - 43°3'47.84""N , 2°12'58.65""E - 43°3'47.85""N , 2°12'59.89""E - 43°3'47.84""N , 2°13'1.14""E - 43°3'47.82""N , 2°13'2.38""E - 43°3'47.78""N , 2°13'3.63""E - 43°3'47.72""N , 2°13'4.87""E - 43°3'47.64""N , 2°13'6.11""E - 43°3'47.55""N , 2°13'7.35""E - 43°3'47.44""N , 2°13'8.58""E - 43°3'47.31""N , 2°13'9.81""E - 43°3'47.16""N , 2°13'11.04""E - 43°3'47.01""N , 2°13'12.26""E - 43°3'46.83""N , 2°13'13.48""E - 43°3'46.63""N , 2°13'14.7""E - 43°3'46.42""N , 2°13'15.91""E - 43°3'46.19""N , 2°13'17.11""E - 43°3'45.94""N , 2°13'18.31""E - 43°3'45.68""N , 2°13'19.5""E - 43°3'45.4""N , 2°13'20.69""E - 43°3'45.11""N , 2°13'21.86""E - 43°3'44.79""N , 2°13'23.03""E - 43°3'44.47""N , 2°13'24.19""E - 43°3'44.13""N , 2°13'25.35""E - 43°3'43.77""N , 2°13'26.49""E - 43°3'43.39""N , 2°13'27.62""E - 43°3'43""N , 2°13'28.74""E - 43°3'42.59""N , 2°13'29.86""E - 43°3'42.17""N , 2°13'30.96""E - 43°3'41.73""N , 2°13'32.05""E - 43°3'41.28""N , 2°13'33.13""E - 43°3'40.81""N , 2°13'34.19""E - 43°3'40.33""N , 2°13'35.25""E - 43°3'39.83""N , 2°13'36.29""E - 43°3'39.32""N , 2°13'37.32""E - 43°3'38.8""N , 2°13'38.34""E - 43°3'38.26""N , 2°13'39.34""E - 43°3'37.71""N , 2°13'40.33""E - 43°3'37.14""N , 2°13'41.3""E - 43°3'36.56""N , 2°13'42.26""E - 43°3'35.97""N , 2°13'43.2""E - 43°3'35.36""N , 2°13'44.13""E - 43°3'34.74""N , 2°13'45.04""E - 43°3'34.11""N , 2°13'45.93""E - 43°3'33.47""N , 2°13'46.81""E - 43°3'32.81""N , 2°13'47.68""E - 43°3'32.14""N , 2°13'48.52""E - 43°3'31.46""N , 2°13'49.35""E - 43°3'30.77""N , 2°13'50.16""E - 43°3'30.07""N , 2°13'50.94""E - 43°3'29.36""N , 2°13'51.72""E - 43°3'28.64""N , 2°13'52.47""E - 43°3'27.9""N , 2°13'53.21""E - 43°3'27.16""N , 2°13'53.92""E - 43°3'26.41""N , 2°13'54.62""E - 43°3'25.64""N , 2°13'55.3""E - 43°3'24.87""N , 2°13'55.95""E - 43°3'24.09""N , 2°13'56.59""E - 43°3'23.3""N , 2°13'57.21""E - 43°3'22.5""N , 2°13'57.8""E - 43°3'21.7""N , 2°13'58.38""E - 43°3'20.88""N , 2°13'58.93""E - 43°3'20.06""N , 2°13'59.46""E - 43°3'19.23""N , 2°13'59.97""E - 43°3'18.4""N , 2°14'0.46""E - 43°3'17.55""N , 2°14'0.93""E - 43°3'16.7""N , 2°14'1.37""E - 43°3'15.85""N , 2°14'1.8""E - 43°3'14.99""N , 2°14'2.19""E - 43°3'14.12""N , 2°14'2.58""E - 43°3'13.25""N , 2°14'2.93""E - 43°3'12.38""N , 2°14'3.26""E - 43°3'11.49""N , 2°14'3.57""E - 43°3'10.61""N , 2°14'3.86""E - 43°3'9.72""N , 2°14'4.12""E - 43°3'8.83""N , 2°14'4.37""E - 43°3'7.94""N , 2°14'4.59""E - 43°3'7.04""N , 2°14'4.78""E - 43°3'6.14""N , 2°14'4.95""E - 43°3'5.23""N , 2°14'5.1""E - 43°3'4.33""N , 2°14'5.22""E - 43°3'3.43""N , 2°14'5.32""E - 43°3'2.52""N , 2°14'5.4""E - 43°3'1.61""N , 2°14'5.45""E - 43°3'0.7""N , 2°14'5.48""E - 43°2'59.79""N , 2°14'5.49""E - 43°2'58.88""N , 2°14'5.47""E - 43°2'57.97""N , 2°14'5.43""E - 43°2'57.07""N , 2°14'5.37""E - 43°2'56.16""N , 2°14'5.28""E - 43°2'55.26""N , 2°14'5.17""E - 43°2'54.35""N , 2°14'5.03""E - 43°2'53.45""N , 2°14'4.87""E - 43°2'52.55""N , 2°14'4.69""E - 43°2'51.66""N , 2°14'4.48""E - 43°2'50.76""N , 2°14'4.26""E - 43°2'49.87""N , 2°14'4.01""E - 43°2'48.98""N , 2°14'3.73""E - 43°2'48.1""N , 2°14'3.43""E - 43°2'47.22""N , 2°14'3.11""E - 43°2'46.35""N , 2°14'2.77""E - 43°2'45.48""N , 2°14'2.4""E - 43°2'44.62""N , 2°14'2.01""E - 43°2'43.76""N , 2°14'1.6""E - 43°2'42.91""N , 2°14'1.17""E - 43°2'42.06""N , 2°14'0.71""E - 43°2'41.22""N , 2°14'0.24""E - 43°2'40.39""N , 2°13'59.74""E - 43°2'39.56""N , 2°13'59.21""E - 43°2'38.75""N , 2°13'58.67""E - 43°2'37.94""N , 2°13'58.11""E - 43°2'37.13""N , 2°13'57.53""E - 43°2'36.34""N , 2°13'56.92""E - 43°2'35.55""N , 2°13'56.29""E - 43°2'34.77""N , 2°13'55.65""E - 43°2'34.01""N , 2°13'54.98""E - 43°1'59.99""N , 2°16'59.99""E - 43°0'29.02""N , 2°48'29.99""E - 43°6'0""N , 2°48'29.99""E - 43°7'48""N , 2°48'27""E - 43°7'55.99""N , 2°24'9""E - 43°8'55""N , 2°11'20""E - 43°9'20.99""N , 2°5'52.01""E - 43°16'0.01""N , 1°39'0""E"
R46N2;LACAUNE;SFC;800ft AGL;9;Non;"44°8'10""N , 2°25'0.01""E - 44°1'50.02""N , 2°10'0.01""E - 44°0'40""N , 2°22'30""E - 43°57'40""N , 2°28'30""E - 43°30'56.02""N , 2°40'44""E - 43°33'0""N , 2°50'20""E - 43°54'0""N , 2°40'59.99""E - 44°3'29.99""N , 2°36'20.02""E - 44°8'10""N , 2°25'0.01""E"
R56;LORIENT;800ft AGL;2500ft AMSL;204;Oui;"48°16'0.01""N , 3°13'0.01""W - 48°1'37.99""N , 3°26'13.99""W - 48°1'37.97""N , 3°26'10.42""W - 48°1'37.95""N , 3°26'6.86""W - 48°1'37.92""N , 3°26'3.29""W - 48°1'37.88""N , 3°25'59.72""W - 48°1'37.83""N , 3°25'56.15""W - 48°1'37.78""N , 3°25'52.58""W - 48°1'37.73""N , 3°25'49.02""W - 48°1'37.67""N , 3°25'45.45""W - 48°1'37.6""N , 3°25'41.88""W - 48°1'37.53""N , 3°25'38.32""W - 48°1'37.45""N , 3°25'34.75""W - 48°1'37.37""N , 3°25'31.18""W - 48°1'37.27""N , 3°25'27.62""W - 48°1'37.17""N , 3°25'24.05""W - 48°1'37.07""N , 3°25'20.49""W - 48°1'36.97""N , 3°25'16.92""W - 48°1'36.85""N , 3°25'13.36""W - 48°1'36.73""N , 3°25'9.79""W - 48°1'36.6""N , 3°25'6.23""W - 48°1'36.47""N , 3°25'2.67""W - 48°1'36.33""N , 3°24'59.1""W - 48°1'36.19""N , 3°24'55.54""W - 48°1'36.04""N , 3°24'51.98""W - 48°1'35.88""N , 3°24'48.42""W - 48°1'35.72""N , 3°24'44.86""W - 48°1'35.55""N , 3°24'41.3""W - 48°1'35.37""N , 3°24'37.74""W - 48°1'35.19""N , 3°24'34.18""W - 48°1'35.01""N , 3°24'30.63""W - 48°1'34.82""N , 3°24'27.07""W - 48°1'34.62""N , 3°24'23.51""W - 48°1'34.42""N , 3°24'19.95""W - 48°1'34.2""N , 3°24'16.4""W - 48°1'33.99""N , 3°24'12.85""W - 48°1'33.77""N , 3°24'9.3""W - 48°1'33.54""N , 3°24'5.74""W - 48°1'33.31""N , 3°24'2.19""W - 48°1'33.07""N , 3°23'58.64""W - 48°1'32.82""N , 3°23'55.09""W - 48°1'32.57""N , 3°23'51.54""W - 48°1'32.31""N , 3°23'47.99""W - 48°1'32.05""N , 3°23'44.45""W - 48°1'31.78""N , 3°23'40.9""W - 48°1'31.5""N , 3°23'37.36""W - 48°1'31.22""N , 3°23'33.81""W - 48°1'30.94""N , 3°23'30.27""W - 48°1'30.64""N , 3°23'26.73""W - 48°1'30.35""N , 3°23'23.19""W - 48°1'30.04""N , 3°23'19.65""W - 48°1'29.73""N , 3°23'16.11""W - 48°1'29.41""N , 3°23'12.58""W - 48°1'29.09""N , 3°23'9.04""W - 48°1'28.76""N , 3°23'5.51""W - 48°1'28.42""N , 3°23'1.97""W - 48°1'28.08""N , 3°22'58.44""W - 48°1'27.74""N , 3°22'54.91""W - 48°1'27.39""N , 3°22'51.38""W - 48°1'27.03""N , 3°22'47.85""W - 48°1'26.66""N , 3°22'44.33""W - 48°1'26.29""N , 3°22'40.8""W - 48°1'25.92""N , 3°22'37.28""W - 48°1'25.54""N , 3°22'33.75""W - 48°1'25.15""N , 3°22'30.23""W - 48°1'24.75""N , 3°22'26.72""W - 48°1'24.36""N , 3°22'23.2""W - 48°1'23.95""N , 3°22'19.68""W - 48°1'23.54""N , 3°22'16.17""W - 48°1'23.12""N , 3°22'12.65""W - 48°1'22.7""N , 3°22'9.14""W - 48°1'22.27""N , 3°22'5.63""W - 48°1'21.84""N , 3°22'2.12""W - 48°1'21.39""N , 3°21'58.62""W - 48°1'20.95""N , 3°21'55.11""W - 48°1'20.5""N , 3°21'51.61""W - 48°1'20.04""N , 3°21'48.1""W - 48°1'19.57""N , 3°21'44.6""W - 48°1'19.1""N , 3°21'41.1""W - 48°1'18.63""N , 3°21'37.61""W - 48°1'18.15""N , 3°21'34.11""W - 48°1'17.66""N , 3°21'30.62""W - 48°1'17.17""N , 3°21'27.13""W - 48°1'16.67""N , 3°21'23.64""W - 48°1'16.16""N , 3°21'20.15""W - 48°1'15.65""N , 3°21'16.67""W - 48°1'15.14""N , 3°21'13.19""W - 48°1'14.61""N , 3°21'9.7""W - 48°1'14.08""N , 3°21'6.22""W - 48°1'13.55""N , 3°21'2.75""W - 48°1'13.01""N , 3°20'59.27""W - 48°1'12.46""N , 3°20'55.8""W - 48°1'11.91""N , 3°20'52.32""W - 48°1'11.36""N , 3°20'48.85""W - 48°1'10.79""N , 3°20'45.39""W - 48°1'10.23""N , 3°20'41.92""W - 48°1'9.65""N , 3°20'38.46""W - 48°1'9.07""N , 3°20'35""W - 48°1'8.48""N , 3°20'31.54""W - 48°1'7.89""N , 3°20'28.09""W - 48°1'7.29""N , 3°20'24.63""W - 48°1'6.69""N , 3°20'21.18""W - 48°1'6.08""N , 3°20'17.73""W - 48°1'5.47""N , 3°20'14.28""W - 48°1'4.84""N , 3°20'10.83""W - 48°1'4.22""N , 3°20'7.39""W - 48°1'3.59""N , 3°20'3.95""W - 48°1'2.95""N , 3°20'0.51""W - 48°1'2.31""N , 3°19'57.08""W - 48°1'1.65""N , 3°19'53.64""W - 48°1'1""N , 3°19'50.21""W - 48°1'0.34""N , 3°19'46.79""W - 48°0'59.67""N , 3°19'43.36""W - 48°0'59""N , 3°19'39.94""W - 48°0'58.32""N , 3°19'36.52""W - 48°0'57.64""N , 3°19'33.1""W - 48°0'56.95""N , 3°19'29.68""W - 48°0'56.25""N , 3°19'26.27""W - 48°0'55.55""N , 3°19'22.86""W - 48°0'54.85""N , 3°19'19.45""W - 48°0'54.13""N , 3°19'16.05""W - 48°0'53.41""N , 3°19'12.64""W - 48°0'52.69""N , 3°19'9.25""W - 48°0'51.96""N , 3°19'5.85""W - 48°0'51.23""N , 3°19'2.45""W - 48°0'50.49""N , 3°18'59.06""W - 48°0'49.74""N , 3°18'55.67""W - 48°0'48.99""N , 3°18'52.29""W - 48°0'48.23""N , 3°18'48.91""W - 48°0'47.47""N , 3°18'45.53""W - 48°0'46.7""N , 3°18'42.15""W - 48°0'45.92""N , 3°18'38.77""W - 48°0'45.14""N , 3°18'35.4""W - 48°0'44.36""N , 3°18'32.03""W - 48°0'43.56""N , 3°18'28.67""W - 48°0'42.77""N , 3°18'25.3""W - 48°0'41.97""N , 3°18'21.95""W - 48°0'41.16""N , 3°18'18.59""W - 48°0'40.34""N , 3°18'15.24""W - 48°0'39.52""N , 3°18'11.88""W - 48°0'38.7""N , 3°18'8.54""W - 48°0'37.87""N , 3°18'5.19""W - 48°0'37.03""N , 3°18'1.85""W - 48°0'36.19""N , 3°17'58.51""W - 48°0'35.34""N , 3°17'55.18""W - 48°0'34.49""N , 3°17'51.85""W - 48°0'33.63""N , 3°17'48.52""W - 48°0'32.77""N , 3°17'45.19""W - 48°0'31.9""N , 3°17'41.87""W - 48°0'31.02""N , 3°17'38.55""W - 48°0'30.14""N , 3°17'35.24""W - 48°0'29.25""N , 3°17'31.92""W - 48°0'28.36""N , 3°17'28.62""W - 48°0'27.46""N , 3°17'25.31""W - 48°0'26.56""N , 3°17'22.01""W - 48°0'25.65""N , 3°17'18.71""W - 48°0'24.74""N , 3°17'15.41""W - 48°0'23.82""N , 3°17'12.12""W - 48°0'22.89""N , 3°17'8.84""W - 48°0'21.96""N , 3°17'5.55""W - 48°0'21.03""N , 3°17'2.27""W - 48°0'20.08""N , 3°16'58.99""W - 48°0'19.14""N , 3°16'55.72""W - 48°0'18.19""N , 3°16'52.45""W - 48°0'17.23""N , 3°16'49.18""W - 48°0'16.26""N , 3°16'45.92""W - 48°0'15.3""N , 3°16'42.66""W - 48°0'14.32""N , 3°16'39.4""W - 48°0'13.34""N , 3°16'36.15""W - 48°0'12.36""N , 3°16'32.9""W - 48°0'11.37""N , 3°16'29.65""W - 48°0'10.37""N , 3°16'26.41""W - 48°0'9.37""N , 3°16'23.17""W - 48°0'8.36""N , 3°16'19.94""W - 48°0'7.35""N , 3°16'16.71""W - 48°0'6.33""N , 3°16'13.48""W - 48°0'5.31""N , 3°16'10.26""W - 48°0'4.28""N , 3°16'7.04""W - 48°0'3.25""N , 3°16'3.83""W - 48°0'2.21""N , 3°16'0.62""W - 48°0'1.16""N , 3°15'57.41""W - 48°0'0.12""N , 3°15'54.21""W - 47°59'59.06""N , 3°15'51.01""W - 47°59'58""N , 3°15'47.81""W - 47°59'56.93""N , 3°15'44.62""W - 47°59'55.86""N , 3°15'41.43""W - 47°59'54.78""N , 3°15'38.25""W - 47°59'53.7""N , 3°15'35.07""W - 47°59'52.62""N , 3°15'31.9""W - 47°59'51.53""N , 3°15'28.72""W - 47°59'50.43""N , 3°15'25.56""W - 47°59'49.32""N , 3°15'22.4""W - 47°59'48.21""N , 3°15'19.24""W - 47°59'47.1""N , 3°15'16.08""W - 47°59'45.98""N , 3°15'12.93""W - 47°59'44.86""N , 3°15'9.79""W - 47°59'43.73""N , 3°15'6.65""W - 47°59'42.59""N , 3°15'3.51""W - 47°59'41.46""N , 3°15'0.37""W - 47°59'40.31""N , 3°14'57.25""W - 47°59'39.16""N , 3°14'54.12""W - 47°59'38""N , 3°14'51""W - 48°13'0.01""N , 3°3'14""W - 48°16'0.01""N , 3°13'0.01""W"
R57;BRETAGNE;800ft AGL;1800ft AGL;16;Non;"48°23'17.02""N , 1°26'56""W - 48°19'0.98""N , 1°46'3""W - 48°18'0""N , 2°8'30.01""W - 48°20'8.99""N , 2°30'4""W - 48°22'0.98""N , 3°0'0""W - 48°32'11""N , 3°40'40.01""W - 48°28'8""N , 3°48'55.01""W - 48°16'0.01""N , 3°13'0.01""W - 48°13'0.01""N , 3°3'14""W - 48°12'29.99""N , 1°41'30.01""W - 48°14'52.01""N , 1°23'56""W - 48°11'21.98""N , 1°9'6.01""W - 48°11'35.02""N , 0°57'14""W - 48°15'42.98""N , 0°57'20.99""W - 48°18'51.01""N , 1°9'32""W - 48°23'17.02""N , 1°26'56""W"
R589A;LOT SUD;SFC;6000ft AMSL;5;Non;"44°8'12.01""N , 3°15'46.01""E - 43°52'59.99""N , 3°23'30.01""E - 43°56'8.02""N , 3°33'24.01""E - 44°11'21.01""N , 3°25'32.99""E - 44°8'12.01""N , 3°15'46.01""E"
R589B;LOT NORD;SFC;4700ft AMSL;5;Non;"44°11'21.01""N , 3°25'32.99""E - 44°28'59.99""N , 3°16'13.01""E - 44°26'3.98""N , 3°6'38.02""E - 44°8'12.01""N , 3°15'46.01""E - 44°11'21.01""N , 3°25'32.99""E"
R590A;MENDE SUD;800ft AGL;6400ft AMSL;5;Non;"44°28'59.99""N , 3°16'13.01""E - 44°46'59.02""N , 3°7'0.01""E - 44°43'18.01""N , 2°57'51.98""E - 44°26'3.98""N , 3°6'38.02""E - 44°28'59.99""N , 3°16'13.01""E"
R590B;MENDE NORD;800ft AGL;5800ft AMSL;5;Non;"44°55'59.99""N , 2°55'0.01""E - 44°52'50.99""N , 2°45'14""E - 44°43'18.01""N , 2°57'51.98""E - 44°46'59.02""N , 3°7'0.01""E - 44°55'59.99""N , 2°55'0.01""E"
R591;ALLIER;800ft AGL;6600ft AMSL;6;Non;"44°49'0.01""N , 3°17'10""E - 44°25'30""N , 3°49'59.99""E - 44°22'54.01""N , 3°54'46.01""E - 44°36'1.01""N , 4°13'50.99""E - 44°39'29.99""N , 3°49'59.99""E - 44°49'0.01""N , 3°17'10""E"
R592;CANTAL;SFC;6400ft AMSL;8;Non;"45°4'59.99""N , 3°31'0.01""E - 45°4'59.99""N , 3°22'59.99""E - 44°55'59.99""N , 2°55'0.01""E - 44°46'59.02""N , 3°7'0.01""E - 44°49'0.01""N , 3°17'10""E - 44°39'29.99""N , 3°49'59.99""E - 44°50'39.98""N , 3°44'39.98""E - 45°4'59.99""N , 3°31'0.01""E"
R593;LES PUYS;800ft AGL;FL085;10;Non;"45°43'40.01""N , 2°35'30.01""E - 45°19'59.99""N , 2°28'0.01""E - 45°4'35""N , 2°30'0""E - 44°52'54.01""N , 2°45'16.99""E - 44°55'59.99""N , 2°55'0.01""E - 45°3'29.99""N , 2°45'0""E - 45°8'12.98""N , 2°43'5.02""E - 45°34'59.99""N , 2°43'23.02""E - 45°44'49.99""N , 2°46'30""E - 45°43'40.01""N , 2°35'30.01""E"
R69;CHAMPAGNE;800ft AGL;2700ft AGL;215;Oui;"49°22'40.01""N , 4°40'0.01""E - 49°14'39.98""N , 4°25'59.99""E - 48°47'29""N , 4°43'23.99""E - 48°36'36""N , 4°46'57""E - 48°34'5.02""N , 4°50'4.99""E - 48°17'26.02""N , 4°54'24.98""E - 48°13'17""N , 5°9'6.98""E - 48°5'21.98""N , 5°42'5""E - 48°15'11.02""N , 5°33'18""E - 48°22'23.02""N , 5°4'36.98""E - 48°37'53""N , 4°59'58.99""E - 48°38'44.99""N , 4°57'29.99""E - 48°49'13.01""N , 4°54'1.01""E - 48°49'14.22""N , 4°54'5.48""E - 48°49'15.46""N , 4°54'9.95""E - 48°49'16.71""N , 4°54'14.4""E - 48°49'17.98""N , 4°54'18.85""E - 48°49'19.27""N , 4°54'23.27""E - 48°49'20.58""N , 4°54'27.69""E - 48°49'21.9""N , 4°54'32.1""E - 48°49'23.24""N , 4°54'36.49""E - 48°49'24.61""N , 4°54'40.87""E - 48°49'25.99""N , 4°54'45.24""E - 48°49'27.39""N , 4°54'49.59""E - 48°49'28.81""N , 4°54'53.93""E - 48°49'30.25""N , 4°54'58.26""E - 48°49'31.71""N , 4°55'2.57""E - 48°49'33.19""N , 4°55'6.86""E - 48°49'34.69""N , 4°55'11.14""E - 48°49'36.21""N , 4°55'15.41""E - 48°49'37.75""N , 4°55'19.66""E - 48°49'39.31""N , 4°55'23.89""E - 48°49'40.89""N , 4°55'28.11""E - 48°49'42.49""N , 4°55'32.31""E - 48°49'44.11""N , 4°55'36.49""E - 48°49'45.75""N , 4°55'40.66""E - 48°49'47.41""N , 4°55'44.81""E - 48°49'49.1""N , 4°55'48.93""E - 48°49'50.8""N , 4°55'53.04""E - 48°49'52.53""N , 4°55'57.13""E - 48°49'54.27""N , 4°56'1.2""E - 48°49'56.04""N , 4°56'5.25""E - 48°49'57.83""N , 4°56'9.28""E - 48°49'59.64""N , 4°56'13.29""E - 48°50'1.47""N , 4°56'17.28""E - 48°50'3.32""N , 4°56'21.25""E - 48°50'5.19""N , 4°56'25.19""E - 48°50'7.09""N , 4°56'29.11""E - 48°50'9.01""N , 4°56'33""E - 48°50'10.94""N , 4°56'36.88""E - 48°50'12.9""N , 4°56'40.73""E - 48°50'14.88""N , 4°56'44.55""E - 48°50'16.89""N , 4°56'48.35""E - 48°50'18.91""N , 4°56'52.12""E - 48°50'20.96""N , 4°56'55.86""E - 48°50'23.02""N , 4°56'59.58""E - 48°50'25.11""N , 4°57'3.27""E - 48°50'27.23""N , 4°57'6.94""E - 48°50'29.36""N , 4°57'10.57""E - 48°50'31.51""N , 4°57'14.18""E - 48°50'33.68""N , 4°57'17.76""E - 48°50'35.88""N , 4°57'21.3""E - 48°50'38.1""N , 4°57'24.81""E - 48°50'40.33""N , 4°57'28.3""E - 48°50'42.59""N , 4°57'31.76""E - 48°50'44.86""N , 4°57'35.2""E - 48°50'47.15""N , 4°57'38.61""E - 48°50'49.45""N , 4°57'41.99""E - 48°50'51.77""N , 4°57'45.35""E - 48°50'54.11""N , 4°57'48.67""E - 48°50'56.47""N , 4°57'51.98""E - 48°50'58.84""N , 4°57'55.25""E - 48°51'1.23""N , 4°57'58.5""E - 48°51'3.64""N , 4°58'1.71""E - 48°51'6.06""N , 4°58'4.9""E - 48°51'8.49""N , 4°58'8.07""E - 48°51'10.95""N , 4°58'11.2""E - 48°51'13.41""N , 4°58'14.31""E - 48°51'15.9""N , 4°58'17.39""E - 48°51'18.4""N , 4°58'20.44""E - 48°51'20.91""N , 4°58'23.46""E - 48°51'23.44""N , 4°58'26.45""E - 48°51'25.98""N , 4°58'29.41""E - 48°51'28.54""N , 4°58'32.34""E - 48°51'31.12""N , 4°58'35.25""E - 48°51'33.7""N , 4°58'38.12""E - 48°51'36.31""N , 4°58'40.96""E - 48°51'38.92""N , 4°58'43.77""E - 48°51'41.55""N , 4°58'46.56""E - 48°51'44.2""N , 4°58'49.31""E - 48°51'46.86""N , 4°58'52.03""E - 48°51'49.53""N , 4°58'54.72""E - 48°51'52.21""N , 4°58'57.38""E - 48°51'54.91""N , 4°59'0.01""E - 48°51'57.62""N , 4°59'2.6""E - 48°52'0.35""N , 4°59'5.17""E - 48°52'3.08""N , 4°59'7.7""E - 48°52'5.83""N , 4°59'10.2""E - 48°52'8.59""N , 4°59'12.67""E - 48°52'11.37""N , 4°59'15.11""E - 48°52'14.16""N , 4°59'17.52""E - 48°52'16.95""N , 4°59'19.89""E - 48°52'19.77""N , 4°59'22.24""E - 48°52'22.59""N , 4°59'24.54""E - 48°52'25.42""N , 4°59'26.82""E - 48°52'28.26""N , 4°59'29.07""E - 48°52'31.12""N , 4°59'31.28""E - 48°52'33.99""N , 4°59'33.45""E - 48°52'36.87""N , 4°59'35.6""E - 48°52'39.75""N , 4°59'37.71""E - 48°52'42.65""N , 4°59'39.78""E - 48°52'45.56""N , 4°59'41.83""E - 48°52'48.48""N , 4°59'43.84""E - 48°52'51.41""N , 4°59'45.81""E - 48°52'54.35""N , 4°59'47.76""E - 48°52'57.3""N , 4°59'49.66""E - 48°53'0.25""N , 4°59'51.54""E - 48°53'3.22""N , 4°59'53.38""E - 48°53'6.2""N , 4°59'55.18""E - 48°53'9.19""N , 4°59'56.95""E - 48°53'12.18""N , 4°59'58.69""E - 48°53'15.18""N , 5°0'0.39""E - 48°53'18.19""N , 5°0'2.06""E - 48°53'21.21""N , 5°0'3.69""E - 48°53'24.24""N , 5°0'5.29""E - 48°53'27.28""N , 5°0'6.85""E - 48°53'30.32""N , 5°0'8.37""E - 48°53'33.37""N , 5°0'9.87""E - 48°53'36.43""N , 5°0'11.32""E - 48°53'39.49""N , 5°0'12.74""E - 48°53'42.57""N , 5°0'14.13""E - 48°53'45.65""N , 5°0'15.48""E - 48°53'48.73""N , 5°0'16.79""E - 48°53'51.82""N , 5°0'18.07""E - 48°53'54.92""N , 5°0'19.31""E - 48°53'58.03""N , 5°0'20.52""E - 48°54'1.14""N , 5°0'21.69""E - 48°54'4.26""N , 5°0'22.82""E - 48°54'7.38""N , 5°0'23.92""E - 48°54'10.51""N , 5°0'24.98""E - 48°54'13.64""N , 5°0'26""E - 48°54'16.78""N , 5°0'26.99""E - 48°54'19.92""N , 5°0'27.95""E - 48°54'23.07""N , 5°0'28.86""E - 48°54'26.22""N , 5°0'29.74""E - 48°54'29.38""N , 5°0'30.59""E - 48°54'32.54""N , 5°0'31.39""E - 48°54'35.7""N , 5°0'32.16""E - 48°54'38.87""N , 5°0'32.89""E - 48°54'42.04""N , 5°0'33.59""E - 48°54'45.22""N , 5°0'34.25""E - 48°54'48.39""N , 5°0'34.87""E - 48°54'51.58""N , 5°0'35.46""E - 48°54'54.76""N , 5°0'36.01""E - 48°54'57.95""N , 5°0'36.52""E - 48°55'1.14""N , 5°0'36.99""E - 48°55'4.33""N , 5°0'37.43""E - 48°55'7.52""N , 5°0'37.83""E - 48°55'10.72""N , 5°0'38.2""E - 48°55'13.92""N , 5°0'38.52""E - 48°55'17.12""N , 5°0'38.82""E - 48°55'20.32""N , 5°0'39.07""E - 48°55'23.52""N , 5°0'39.28""E - 48°55'26.72""N , 5°0'39.46""E - 48°55'29.92""N , 5°0'39.6""E - 48°55'33.12""N , 5°0'39.71""E - 48°55'36.33""N , 5°0'39.77""E - 48°55'39.53""N , 5°0'39.8""E - 48°55'42.74""N , 5°0'39.79""E - 48°55'45.94""N , 5°0'39.75""E - 48°55'49.15""N , 5°0'39.67""E - 48°55'52.35""N , 5°0'39.55""E - 48°55'55.55""N , 5°0'39.39""E - 48°55'58.76""N , 5°0'39.2""E - 48°56'1.96""N , 5°0'38.97""E - 48°56'5.16""N , 5°0'38.7""E - 48°56'8.35""N , 5°0'38.4""E - 48°56'11.55""N , 5°0'38.06""E - 48°56'14.75""N , 5°0'37.68""E - 48°56'17.94""N , 5°0'37.26""E - 48°56'21.13""N , 5°0'36.81""E - 48°56'24.32""N , 5°0'36.32""E - 48°56'27.51""N , 5°0'35.79""E - 48°56'30.69""N , 5°0'35.23""E - 48°56'33.87""N , 5°0'34.62""E - 48°56'37.05""N , 5°0'33.99""E - 48°56'40.22""N , 5°0'33.31""E - 48°56'43.39""N , 5°0'32.6""E - 48°56'46.56""N , 5°0'31.85""E - 48°56'49.72""N , 5°0'31.07""E - 48°56'52.88""N , 5°0'30.25""E - 48°56'56.03""N , 5°0'29.39""E - 48°56'59.18""N , 5°0'28.49""E - 48°57'2.33""N , 5°0'27.56""E - 48°57'5.47""N , 5°0'26.59""E - 48°57'8.6""N , 5°0'25.59""E - 48°57'11.74""N , 5°0'24.54""E - 48°57'14.86""N , 5°0'23.47""E - 48°57'17.98""N , 5°0'22.35""E - 48°57'21.1""N , 5°0'21.2""E - 48°57'24.2""N , 5°0'20.02""E - 48°57'27.31""N , 5°0'18.8""E - 48°57'30.4""N , 5°0'17.54""E - 48°57'33.49""N , 5°0'16.24""E - 48°57'36.58""N , 5°0'14.91""E - 48°57'39.65""N , 5°0'13.55""E - 48°57'42.72""N , 5°0'12.14""E - 48°57'45.78""N , 5°0'10.71""E - 48°57'48.84""N , 5°0'9.23""E - 48°57'51.89""N , 5°0'7.73""E - 48°57'54.93""N , 5°0'6.18""E - 48°57'57.96""N , 5°0'4.6""E - 48°58'0.98""N , 5°0'2.99""E - 49°19'0.01""N , 4°46'30""E - 49°22'40.01""N , 4°40'0.01""E"
